epoch,cos_sim,d_total,loss,val_cos_sim,val_d_total,val_loss
0,-0.0455065555870533,11.417240142822266,20.803251266479492,-0.030915817245841026,5.812125205993652,19.925846099853516
1,-0.0345260314643383,5.554213523864746,19.64337158203125,-0.017441583797335625,5.500791549682617,17.767993927001953
2,-0.022933656349778175,5.605780601501465,18.941137313842773,-0.0017691821558400989,5.169361591339111,15.46671199798584
3,-0.017545560374855995,5.614323139190674,18.763866424560547,-0.001116574858315289,5.344611167907715,16.28312110900879
4,-0.01952684484422207,5.490750312805176,18.782657623291016,0.0,5.250153541564941,14.179891586303711
5,-0.01837034523487091,5.720212459564209,19.122886657714844,-0.00586877204477787,5.214139938354492,17.55162811279297
6,-0.0319385826587677,5.595499038696289,18.550613403320312,-0.051020219922065735,5.148763656616211,18.470415115356445
7,-0.06874069571495056,5.283029079437256,18.107738494873047,-0.06543546915054321,4.88663911819458,17.05045509338379
8,-0.10871565341949463,4.918167591094971,17.507356643676758,-0.12290485948324203,4.730902671813965,17.5361385345459
9,-0.1513977199792862,4.83137321472168,17.05586051940918,-0.15025798976421356,4.9982500076293945,16.840864181518555
10,-0.17354007065296173,4.666071891784668,16.618366241455078,-0.18323548138141632,3.87981915473938,16.016414642333984
11,-0.17730936408042908,4.594898700714111,16.1900577545166,-0.18674586713314056,3.828486204147339,15.33521842956543
12,-0.20945973694324493,4.49057149887085,15.767075538635254,-0.21087418496608734,4.157527923583984,15.79417896270752
13,-0.20986813306808472,4.213266372680664,15.284637451171875,-0.1827828288078308,4.520750045776367,16.570514678955078
14,-0.20801541209220886,4.262745380401611,15.454364776611328,-0.2605804204940796,3.5307083129882812,14.153563499450684
15,-0.25031185150146484,3.950549364089966,14.798351287841797,-0.34173014760017395,3.738056182861328,14.40989875793457
16,-0.2965843081474304,4.007008075714111,14.289175033569336,-0.30390727519989014,4.705846786499023,15.592235565185547
17,-0.3246954679489136,3.8950812816619873,14.121814727783203,-0.31370729207992554,6.097736358642578,15.539762496948242
18,-0.31858909130096436,3.751481056213379,13.907666206359863,-0.3499257564544678,3.5082640647888184,13.826979637145996
19,-0.36744964122772217,3.56569504737854,13.295798301696777,-0.3692203760147095,3.1218888759613037,12.683781623840332
20,-0.37667810916900635,3.571136474609375,13.312957763671875,-0.4213474690914154,2.8375000953674316,12.517434120178223
21,-0.4097660779953003,3.9208638668060303,13.043438911437988,-0.47089895606040955,3.097944498062134,12.112236022949219
22,-0.4430185854434967,3.3611998558044434,12.353989601135254,-0.4077909290790558,3.2136387825012207,12.37106704711914
23,-0.4611116051673889,3.372962713241577,12.381614685058594,-0.4119369685649872,3.272778034210205,13.759563446044922
24,-0.48639175295829773,3.2138707637786865,11.992718696594238,-0.4312630891799927,3.1655001640319824,12.764739990234375
25,-0.4974627196788788,3.2386646270751953,12.019604682922363,-0.4148034453392029,3.197861671447754,13.668445587158203
26,-0.49649837613105774,3.001120090484619,11.285311698913574,-0.4788893461227417,3.108513832092285,11.951987266540527
27,-0.4974081814289093,3.205343723297119,11.668984413146973,-0.4163537919521332,3.3905835151672363,12.300802230834961
28,-0.48191457986831665,3.148409605026245,11.6653470993042,-0.48033300042152405,3.1489579677581787,12.648272514343262
29,-0.5088634490966797,2.9978768825531006,11.273118019104004,-0.4285333752632141,3.3640832901000977,13.210774421691895
30,-0.5017803311347961,2.9952499866485596,11.251110076904297,-0.4845620393753052,2.9654862880706787,12.798264503479004
31,-0.5014499425888062,3.122309684753418,11.508976936340332,-0.45420870184898376,2.9483747482299805,11.731840133666992
32,-0.5098177790641785,2.8959920406341553,11.045767784118652,-0.49171727895736694,3.468555450439453,12.275474548339844
33,-0.5114548802375793,2.983074188232422,10.97819995880127,-0.5756831169128418,3.1579442024230957,11.79030990600586
34,-0.5159029960632324,3.038679361343384,11.161667823791504,-0.4986770451068878,3.011166572570801,11.892995834350586
35,-0.5314444303512573,2.6650495529174805,10.352559089660645,-0.48917829990386963,2.4814724922180176,10.521477699279785
36,-0.5308983325958252,2.917006731033325,10.793298721313477,-0.5351258516311646,1.9823193550109863,9.631550788879395
37,-0.5193665623664856,3.044631242752075,11.166000366210938,-0.5018273591995239,2.919513702392578,11.906844139099121
38,-0.5147186517715454,2.8241078853607178,10.748809814453125,-0.45592832565307617,2.9998886585235596,11.805755615234375
39,-0.5095639824867249,2.867307424545288,10.83134937286377,-0.329111784696579,3.7979304790496826,13.41405963897705
40,-0.5220083594322205,3.0179367065429688,10.948927879333496,-0.4281634986400604,3.754500150680542,12.697895050048828
41,-0.5310890674591064,2.856461524963379,10.66726303100586,-0.2089996188879013,4.256750106811523,12.95974063873291
42,-0.5303289294242859,2.937424898147583,10.844294548034668,-0.468523234128952,3.1221110820770264,12.187381744384766
43,-0.5346354842185974,2.7641408443450928,10.455818176269531,-0.521843671798706,3.115166664123535,10.977705955505371
44,-0.5402441024780273,2.720245838165283,10.238892555236816,-0.4967164397239685,2.842722177505493,10.856194496154785
45,-0.5370445251464844,2.8786215782165527,10.458163261413574,-0.4997912049293518,2.9174582958221436,11.060522079467773
46,-0.5397340655326843,2.826028347015381,10.435890197753906,-0.5332525372505188,1.896360993385315,9.529555320739746
47,-0.5549798607826233,2.570509672164917,9.727361679077148,-0.5235865116119385,2.946194648742676,11.468657493591309
48,-0.5330590009689331,2.6526565551757812,9.98244857788086,-0.5519769787788391,2.223722219467163,9.502825736999512
49,-0.5337069034576416,2.7689857482910156,10.46804141998291,-0.5175107717514038,2.6374855041503906,11.327892303466797
50,-0.5555014610290527,2.658987045288086,9.85775375366211,-0.42134663462638855,3.3890557289123535,12.228734016418457
51,-0.5564927458763123,2.611450433731079,9.943766593933105,-0.46081817150115967,3.4972498416900635,11.532024383544922
52,-0.5537266135215759,2.638580322265625,9.773640632629395,-0.39568376541137695,3.0088751316070557,11.131702423095703
53,-0.548640787601471,2.511824369430542,9.742450714111328,-0.5627711415290833,2.2480833530426025,10.398782730102539
54,-0.5382559299468994,2.57660174369812,9.926692008972168,-0.5683939456939697,2.1369166374206543,9.54683780670166
55,-0.5657998323440552,2.416966438293457,9.324378967285156,-0.5094558000564575,2.3285417556762695,10.005069732666016
56,-0.5670246481895447,2.4825496673583984,9.39948844909668,-0.36229407787323,3.687972068786621,12.235380172729492
57,-0.5673952698707581,2.4604763984680176,9.457159996032715,-0.5393833518028259,2.5285556316375732,10.440502166748047
58,-0.5620853900909424,2.3340847492218018,9.299969673156738,-0.3863440752029419,3.7954304218292236,12.83370590209961
59,-0.549854040145874,2.496274948120117,9.435680389404297,-0.5233051776885986,2.131291627883911,9.4679536819458
60,-0.5789914131164551,2.391232967376709,9.216785430908203,-0.554248571395874,2.673041343688965,10.176106452941895
61,-0.5587019920349121,2.3890416622161865,9.098065376281738,-0.5452324151992798,2.0640833377838135,9.723499298095703
62,-0.5727679133415222,2.435506820678711,9.266489028930664,-0.5864104628562927,2.0728471279144287,9.117148399353027
63,-0.5793920755386353,2.364593744277954,9.000006675720215,-0.5133174657821655,2.1930971145629883,10.274290084838867
64,-0.5652859210968018,2.315335512161255,8.96007251739502,-0.2916683554649353,3.7782084941864014,13.749025344848633
65,-0.5631237030029297,2.430485725402832,9.479631423950195,-0.5974214673042297,1.7848750352859497,9.021706581115723
66,-0.5750764608383179,2.245499849319458,8.72556209564209,-0.5630167722702026,1.799680471420288,9.22123908996582
67,-0.5697618722915649,2.3338091373443604,8.952237129211426,-0.46693283319473267,3.6431524753570557,11.983277320861816
68,-0.5683204531669617,2.3513917922973633,9.209626197814941,-0.5938553810119629,1.8498889207839966,9.06193733215332
69,-0.5708882808685303,2.368753433227539,9.319903373718262,-0.3976631164550781,3.5411667823791504,12.492103576660156
70,-0.575127124786377,2.3822379112243652,9.127670288085938,-0.5260603427886963,2.2163889408111572,9.458988189697266
71,-0.5649596452713013,2.3704466819763184,9.352746963500977,-0.5658944845199585,2.001986503601074,9.458467483520508
72,-0.5562841892242432,2.4616332054138184,9.264168739318848,-0.5976167917251587,2.029097318649292,9.365925788879395
73,-0.5774167776107788,2.3533763885498047,9.062750816345215,-0.5803942084312439,1.964749813079834,9.45529556274414
74,-0.5827608704566956,2.2626280784606934,8.87740421295166,-0.5565890669822693,1.9396528005599976,8.992122650146484
75,-0.5643508434295654,2.289621591567993,8.992603302001953,-0.5649531483650208,1.999083161354065,9.700321197509766
76,-0.5719089508056641,2.439915180206299,9.067499160766602,-0.5169139504432678,3.0421249866485596,10.806695938110352
77,-0.5998043417930603,2.2441818714141846,8.617400169372559,-0.5592983365058899,2.372694253921509,10.032829284667969
78,-0.5909004211425781,2.3296732902526855,8.955949783325195,-0.5517480969429016,1.8979443311691284,8.538294792175293
79,-0.5880106091499329,2.2051467895507812,8.49889850616455,-0.5768989324569702,1.758652925491333,8.900308609008789
80,-0.5856549739837646,2.2502987384796143,8.723664283752441,-0.5799639225006104,1.5881249904632568,9.043485641479492
81,-0.5860870480537415,2.191343069076538,8.589118003845215,-0.5712850689888,1.6130833625793457,9.053125381469727
82,-0.576885461807251,2.224796772003174,8.663041114807129,-0.6124904155731201,1.5654027462005615,8.30026626586914
83,-0.5998191237449646,2.261571168899536,8.734338760375977,-0.5626195073127747,2.136472225189209,9.338865280151367
84,-0.6075435280799866,2.109245538711548,8.580307960510254,-0.5770241618156433,1.358388900756836,8.34410285949707
85,-0.6328020095825195,2.9913246631622314,8.613636016845703,-0.569527804851532,2.1709165573120117,8.980712890625
86,-0.615170955657959,2.2261600494384766,8.654333114624023,-0.5710667967796326,2.1532914638519287,9.111197471618652
87,-0.6245487928390503,2.276439905166626,8.709820747375488,-0.633926510810852,1.7831110954284668,9.14714241027832
88,-0.6351749897003174,2.1930980682373047,8.643513679504395,-0.6311029195785522,1.551361083984375,8.395608901977539
89,-0.6257435083389282,2.02105450630188,8.394689559936523,-0.4455120265483856,3.468874931335449,11.817946434020996
90,-0.6498845219612122,2.100323438644409,8.419427871704102,-0.6433117389678955,1.83211088180542,9.263669967651367
91,-0.6386062502861023,2.173182725906372,8.546768188476562,-0.6266105771064758,1.5391249656677246,7.899686336517334
92,-0.6377954483032227,2.0544118881225586,8.292905807495117,-0.5622355937957764,2.503347396850586,10.321333885192871
93,-0.6472857594490051,2.108454465866089,8.327816009521484,-0.5540651082992554,2.124666690826416,9.311159133911133
94,-0.6662003993988037,1.8983347415924072,7.845895290374756,-0.5757456421852112,1.6468193531036377,8.835636138916016
95,-0.642342209815979,2.0462687015533447,8.336440086364746,-0.6147056221961975,1.6392221450805664,8.165538787841797
96,-0.6575616002082825,2.0275280475616455,8.10428524017334,-0.6632776260375977,1.5712776184082031,8.447498321533203
97,-0.6600586175918579,1.9506429433822632,7.935626029968262,-0.6853832006454468,1.2428889274597168,7.8566436767578125
98,-0.6628091335296631,1.8678867816925049,7.713951110839844,-0.6547481417655945,1.5095000267028809,8.007083892822266
99,-0.6504436135292053,1.9797585010528564,8.099597930908203,-0.6515457034111023,1.2435693740844727,7.600141525268555
100,-0.6499161720275879,2.0684714317321777,8.243849754333496,-0.648064374923706,1.5941388607025146,8.125243186950684
101,-0.6625459790229797,1.9158154726028442,7.8449225425720215,-0.642310380935669,1.1648472547531128,7.813784122467041
102,-0.6716115474700928,1.8911051750183105,7.771226406097412,-0.5858709812164307,2.670722007751465,10.601835250854492
103,-0.6759116649627686,1.8245253562927246,7.8101348876953125,-0.6534745693206787,1.9945000410079956,8.49477481842041
104,-0.6646233201026917,1.9253487586975098,7.739253520965576,-0.6802918910980225,1.100736141204834,7.169013977050781
105,-0.6563733220100403,2.044294834136963,7.994470119476318,-0.6221030354499817,1.4346109628677368,9.017888069152832
106,-0.6513268351554871,1.9558185338974,7.9377923011779785,-0.6342230439186096,1.9646527767181396,8.64139175415039
107,-0.6612008213996887,1.9541432857513428,7.859225273132324,-0.5771523714065552,1.750847339630127,9.318720817565918
108,-0.6688295602798462,1.8663430213928223,7.715470314025879,-0.6388486623764038,1.4160139560699463,8.094673156738281
109,-0.6771821975708008,1.8100485801696777,7.505352973937988,-0.5698034763336182,2.2036526203155518,9.11355209350586
110,-0.6541309356689453,1.8082853555679321,7.5221686363220215,-0.6387325525283813,1.211763858795166,7.544932842254639
111,-0.6565183997154236,1.881056308746338,7.694156169891357,-0.6071423888206482,1.8997637033462524,8.817449569702148
112,-0.6507971286773682,1.8296180963516235,7.66015625,-0.6452150344848633,1.3794445991516113,7.124077796936035
113,-0.6680076122283936,1.9845383167266846,7.820676326751709,-0.6758894324302673,1.4806526899337769,7.875787734985352
114,-0.6587054133415222,1.956895112991333,7.785678863525391,-0.610120415687561,1.6141527891159058,8.232311248779297
115,-0.6865411996841431,1.777042031288147,7.620453357696533,-0.6792914867401123,1.048305630683899,7.507004737854004
116,-0.6719576120376587,1.912628173828125,7.721127986907959,-0.6643030047416687,1.4154584407806396,7.5575127601623535
117,-0.6558491587638855,1.9839367866516113,8.039584159851074,-0.6160953044891357,1.7732223272323608,8.18095874786377
118,-0.6454055309295654,2.0678484439849854,8.113327026367188,-0.57059645652771,1.8898334503173828,8.921226501464844
119,-0.6594383716583252,1.9385583400726318,7.858555316925049,-0.6565821170806885,1.1331387758255005,7.217525005340576
120,-0.6713230609893799,1.7698695659637451,7.438270568847656,-0.6380062103271484,1.0712499618530273,7.448075294494629
121,-0.6577524542808533,1.905243158340454,7.712765216827393,-0.5991170406341553,1.4609167575836182,8.102656364440918
122,-0.6634445786476135,1.770148515701294,7.581408500671387,-0.6351412534713745,1.1774444580078125,7.079718589782715
123,-0.6815586090087891,1.7224080562591553,7.478352069854736,-0.662567675113678,1.4782500267028809,7.57158088684082
124,-0.6519243121147156,1.8761769533157349,7.669884204864502,-0.575591504573822,2.2304720878601074,9.53232479095459
125,-0.6737381815910339,1.7756551504135132,7.494450569152832,-0.5579102039337158,1.9150276184082031,8.82820987701416
126,-0.671683669090271,1.6838481426239014,7.231088161468506,-0.6087732315063477,1.6574305295944214,8.578519821166992
127,-0.6622112989425659,1.8051414489746094,7.483542442321777,-0.6200748085975647,1.2375556230545044,8.09287166595459
128,-0.676558256149292,1.7192184925079346,7.161695957183838,-0.6546639204025269,1.567486047744751,8.274972915649414
129,-0.6801780462265015,1.6680485010147095,7.222951889038086,-0.6259444952011108,1.55501389503479,7.852448463439941
130,-0.6809961199760437,1.7010035514831543,7.285909652709961,-0.5905769467353821,2.003333330154419,9.122109413146973
131,-0.6582921743392944,1.8098317384719849,7.470602035522461,-0.6312110424041748,1.623069405555725,8.150615692138672
132,-0.6840624213218689,1.5379718542099,7.007716655731201,-0.6368994116783142,1.4091110229492188,8.04340648651123
133,-0.673978328704834,1.6841480731964111,7.3216552734375,-0.6301219463348389,1.1964166164398193,7.278470993041992
134,-0.6888668537139893,1.7010564804077148,7.042745590209961,-0.6048414707183838,1.4266804456710815,8.049901962280273
135,-0.6652776002883911,1.7544183731079102,7.55682373046875,-0.6668257713317871,1.0803195238113403,7.268088340759277
136,-0.6706964373588562,1.6577399969100952,7.080965995788574,-0.6662893891334534,1.0749999284744263,7.446667194366455
137,-0.6711100339889526,1.8001247644424438,7.47402811050415,-0.6461023688316345,0.9822777509689331,7.300392150878906
138,-0.6706925630569458,1.7690147161483765,7.4190144538879395,-0.644698977470398,1.0491666793823242,7.156700134277344
139,-0.6689391136169434,1.5926767587661743,6.942562580108643,-0.6152321100234985,1.4304583072662354,8.25078010559082
140,-0.6665259599685669,1.692694902420044,7.243504047393799,-0.6313591599464417,1.105972170829773,7.342916011810303
141,-0.6716915965080261,1.6374547481536865,7.018149375915527,-0.6400609016418457,1.0739305019378662,7.076013565063477
142,-0.6725923418998718,1.726531744003296,7.356202602386475,-0.6289384961128235,1.5169999599456787,8.387256622314453
143,-0.6799739003181458,1.7483482360839844,7.356924057006836,-0.6578214764595032,1.147291660308838,7.1738457679748535
144,-0.7025014758110046,1.582521677017212,6.926868438720703,-0.687936544418335,1.2897497415542603,7.551602840423584
145,-0.6851087808609009,1.5951086282730103,7.077500820159912,-0.6057918667793274,1.577458381652832,7.88633394241333
146,-0.6730807423591614,1.6328500509262085,7.263692855834961,-0.6285197138786316,1.353722095489502,7.4011993408203125
147,-0.6857840418815613,1.4707016944885254,6.809288024902344,-0.6337754726409912,1.1830137968063354,7.3030524253845215
148,-0.6704697012901306,1.669663429260254,7.330023765563965,-0.6486652493476868,1.689583420753479,8.545506477355957
149,-0.6762291193008423,1.6808184385299683,7.1880950927734375,-0.6554038524627686,0.826930582523346,7.024013042449951
150,-0.6845899820327759,1.5902361869812012,7.023731231689453,-0.6621830463409424,1.1489862203598022,7.659529685974121
151,-0.6881356239318848,1.5028085708618164,6.958549976348877,-0.6468945145606995,1.2603195905685425,7.658860206604004
152,-0.6969776153564453,1.5381901264190674,6.8913068771362305,-0.6237987279891968,1.2401249408721924,7.365609169006348
153,-0.686980664730072,1.510990023612976,6.849488735198975,-0.667235255241394,1.078041672706604,6.75164270401001
154,-0.6762798428535461,1.55514657497406,6.89364767074585,-0.6641877293586731,1.1987638473510742,6.865324974060059
155,-0.6802417039871216,1.6750017404556274,7.297889709472656,-0.6368529796600342,1.064486026763916,7.043619155883789
156,-0.6888689994812012,1.5337432622909546,6.822383403778076,-0.6759817600250244,0.8403610587120056,6.099369525909424
157,-0.6835550665855408,1.55870521068573,6.844691753387451,-0.6195260286331177,1.447986125946045,7.602940082550049
158,-0.6942904591560364,1.4354581832885742,6.555047988891602,-0.6123983263969421,1.8666110038757324,8.49073600769043
159,-0.6828510165214539,1.5445681810379028,6.996914863586426,-0.7054121494293213,1.0467361211776733,6.739839553833008
160,-0.6746503710746765,1.5896817445755005,7.134695053100586,-0.6618757843971252,1.281180739402771,7.498369216918945
161,-0.683997392654419,1.5334248542785645,6.864781856536865,-0.6291220784187317,1.148958444595337,6.918557643890381
162,-0.68287593126297,1.5707950592041016,6.918776988983154,-0.6110205054283142,1.225416660308838,7.738118648529053
163,-0.6929988861083984,1.5226449966430664,6.775582313537598,-0.6394229531288147,0.7866944074630737,6.963388442993164
164,-0.6909098029136658,1.5463100671768188,6.8223419189453125,-0.6718277931213379,0.8878610134124756,7.038373947143555
165,-0.6890698671340942,1.5613664388656616,6.905363082885742,-0.6393048763275146,1.0807915925979614,7.493833541870117
166,-0.6906439065933228,1.5488115549087524,6.943415641784668,-0.6103562712669373,1.1048749685287476,7.104201793670654
167,-0.6883348822593689,1.5999183654785156,7.032801151275635,-0.6719484925270081,1.04562509059906,7.570897579193115
168,-0.6924712061882019,1.603956937789917,6.999161720275879,-0.6620571613311768,1.183236002922058,7.390280723571777
169,-0.6843198537826538,1.5961499214172363,6.965420722961426,-0.6522678732872009,1.3660415410995483,7.410606384277344
170,-0.6933686137199402,1.4959415197372437,6.808574199676514,-0.6860626339912415,0.8280278444290161,6.55748987197876
171,-0.6842448711395264,1.449378490447998,6.721597194671631,-0.6519911885261536,0.9420694708824158,7.02111291885376
172,-0.6974214911460876,1.4926531314849854,6.737472057342529,-0.6610672473907471,1.631722331047058,8.081256866455078
173,-0.7048361897468567,1.4427448511123657,6.6259307861328125,-0.6963003873825073,0.9538611173629761,6.900676250457764
174,-0.6775133013725281,1.5296881198883057,6.999589920043945,-0.6317616701126099,1.0710277557373047,7.391410827636719
175,-0.695826530456543,1.5357166528701782,6.839558124542236,-0.6194165945053101,1.1192638874053955,7.440926551818848
176,-0.6893724203109741,1.7954083681106567,6.832524299621582,-0.6195143461227417,1.1058332920074463,6.759262561798096
177,-0.6919713616371155,1.4713016748428345,6.646183967590332,-0.6516539454460144,1.130750060081482,7.270876407623291
178,-0.6953374147415161,1.420629858970642,6.610580921173096,-0.660944402217865,0.8047777414321899,6.74808406829834
179,-0.6949273943901062,1.4849517345428467,6.8627610206604,-0.6709120273590088,0.97834712266922,6.690889835357666
180,-0.6957902312278748,1.4710248708724976,6.641636371612549,-0.6433940529823303,1.198222279548645,7.110004425048828
181,-0.6988800764083862,1.3929684162139893,6.5380120277404785,-0.6552757620811462,0.9631805419921875,6.928430557250977
182,-0.6911539435386658,1.436358094215393,6.674137592315674,-0.6457585692405701,0.9313194751739502,7.084921836853027
183,-0.7004140019416809,1.434472680091858,6.763516426086426,-0.6828653812408447,1.022027611732483,6.6066460609436035
184,-0.6900526285171509,1.4003151655197144,6.702866077423096,-0.6578838229179382,1.3642359972000122,7.704244613647461
185,-0.6965324878692627,1.410306692123413,6.580852031707764,-0.6563425660133362,1.1464860439300537,7.541108131408691
186,-0.6768689751625061,1.4478917121887207,6.680058002471924,-0.6675868630409241,0.9705971479415894,6.8395280838012695
187,-0.6949092149734497,1.3639633655548096,6.416383266448975,-0.6400806903839111,1.0870970487594604,6.820534706115723
188,-0.6895893812179565,1.3600448369979858,6.283328533172607,-0.630612850189209,1.5131666660308838,8.031593322753906
189,-0.6926678419113159,1.4293729066848755,6.688643932342529,-0.6616982221603394,1.5139164924621582,7.8372650146484375
190,-0.6975205540657043,1.3200733661651611,6.500096321105957,-0.6379212737083435,0.6481806039810181,6.436489582061768
191,-0.6876448392868042,1.4541749954223633,6.588469982147217,-0.6865965723991394,0.8725277781486511,6.261185646057129
192,-0.7108464241027832,1.3746528625488281,6.42576789855957,-0.653744101524353,0.8849999904632568,6.992456912994385
193,-0.6836786866188049,1.4399598836898804,6.615748882293701,-0.6387057304382324,1.216444492340088,7.1686224937438965
194,-0.7053071856498718,1.375825047492981,6.423958778381348,-0.6698849201202393,0.8917500376701355,6.469119548797607
195,-0.6998283863067627,1.392351746559143,6.540414810180664,-0.5132243633270264,2.4930830001831055,10.133070945739746
196,-0.690700352191925,1.3760745525360107,6.572680473327637,-0.6510282158851624,0.9511804580688477,6.930965900421143
197,-0.7006296515464783,1.4894565343856812,6.626409530639648,-0.6519929766654968,0.8815694451332092,6.495171070098877
198,-0.6893402338027954,1.3930364847183228,6.548314094543457,-0.6815059185028076,0.8030694127082825,6.459828853607178
199,-0.6923637986183167,1.4543935060501099,6.635588645935059,-0.6224167346954346,1.3260278701782227,7.470026016235352
200,-0.6977975368499756,1.4114001989364624,6.563670635223389,-0.6441850066184998,1.224152684211731,7.326729774475098
201,-0.6815429329872131,1.3105850219726562,6.299014568328857,-0.6649906635284424,1.0464445352554321,6.682410717010498
202,-0.7048723101615906,1.393525242805481,6.5120391845703125,-0.6810439825057983,0.9675000309944153,6.4579010009765625
203,-0.6942405700683594,1.4297031164169312,6.545962333679199,-0.6468188166618347,1.0008054971694946,6.535641193389893
204,-0.6895017027854919,1.34956693649292,6.25226354598999,-0.65279221534729,1.0424860715866089,7.0838775634765625
205,-0.6835775971412659,1.4460266828536987,6.572979927062988,-0.6593763828277588,1.0976110696792603,7.26613712310791
206,-0.7036820650100708,1.394518256187439,6.383476734161377,-0.6745322942733765,1.0828332901000977,7.150655746459961
207,-0.685943067073822,1.408135175704956,6.6418023109436035,-0.6586095094680786,1.039236068725586,6.621260166168213
208,-0.6951417326927185,1.393771767616272,6.509498119354248,-0.6500220894813538,1.35830557346344,7.207932472229004
209,-0.6968444585800171,1.4150617122650146,6.498951435089111,-0.6260116100311279,1.163986086845398,7.726286888122559
210,-0.7031843662261963,1.4225584268569946,6.535995006561279,-0.6549801230430603,1.0851527452468872,6.765895366668701
211,-0.6945477724075317,1.3416965007781982,6.326272010803223,-0.6469016671180725,0.8467499613761902,6.377359390258789
212,-0.6913109421730042,1.351116418838501,6.566544055938721,-0.6694745421409607,0.8994582295417786,6.485231876373291
213,-0.6841568946838379,1.389434814453125,6.508083343505859,-0.6288266181945801,0.9467222690582275,6.748012542724609
214,-0.7044167518615723,1.363118290901184,6.382737636566162,-0.6808891892433167,0.9395138621330261,7.055983066558838
215,-0.6921868324279785,1.3804935216903687,6.483088493347168,-0.6644927263259888,0.999833345413208,6.827884197235107
216,-0.695554256439209,1.3172131776809692,6.442340850830078,-0.6808437705039978,0.9245278239250183,6.602423667907715
217,-0.7050137519836426,1.3784997463226318,6.237553119659424,-0.6222112774848938,1.3511666059494019,7.84333610534668
218,-0.6886482238769531,1.437138319015503,6.627198696136475,-0.6789746880531311,1.0492360591888428,6.80657434463501
219,-0.6994171142578125,1.3603366613388062,6.273222923278809,-0.6713575124740601,1.0430833101272583,6.6204609870910645
220,-0.6875088214874268,1.388704776763916,6.406083583831787,-0.622679591178894,0.9386805295944214,6.640817642211914
221,-0.684068500995636,1.4909934997558594,6.606260299682617,-0.6391396522521973,0.9047915935516357,7.186997413635254
222,-0.6975628733634949,1.3658586740493774,6.291372299194336,-0.6447486877441406,1.178749918937683,6.855804443359375
223,-0.683096706867218,1.3536218404769897,6.372791767120361,-0.6556041836738586,0.9806943535804749,6.3540940284729
224,-0.7022333741188049,1.3220051527023315,6.406825542449951,-0.6848466396331787,0.8201110363006592,6.2142839431762695
225,-0.7063081860542297,1.3401082754135132,6.4086527824401855,-0.6614726185798645,0.8814584016799927,6.560511589050293
226,-0.7005564570426941,1.3897547721862793,6.370577812194824,-0.6850073337554932,0.7274305820465088,6.039834022521973
227,-0.7062561511993408,1.2577146291732788,6.094176769256592,-0.6678181290626526,0.8839444518089294,6.269098281860352
228,-0.7006438970565796,1.323763370513916,6.3668131828308105,-0.7147154211997986,0.840749979019165,6.022209644317627
229,-0.6969143748283386,1.390533447265625,6.466573238372803,-0.6409569978713989,0.9549306035041809,6.551205635070801
230,-0.7048236727714539,1.2750000953674316,6.244403839111328,-0.6511682868003845,0.9330554604530334,6.9724321365356445
231,-0.7065691947937012,1.2893133163452148,6.159049034118652,-0.5975446701049805,1.5534861087799072,8.498680114746094
232,-0.705572783946991,1.3099366426467896,6.176059722900391,-0.6769793629646301,1.0128332376480103,7.162439823150635
233,-0.6945629119873047,1.2648500204086304,6.149077892303467,-0.626814067363739,1.0404027700424194,7.082696914672852
234,-0.7046686410903931,1.265406847000122,5.949865818023682,-0.6508843302726746,0.8958054780960083,6.66300630569458
235,-0.7037936449050903,1.3185184001922607,6.137684345245361,-0.6544337868690491,0.8334305882453918,6.174778938293457
236,-0.700219988822937,1.3436816930770874,6.300441741943359,-0.6141700148582458,1.6767221689224243,7.64106559753418
237,-0.7089118361473083,1.2819815874099731,6.295214653015137,-0.6376826763153076,0.9076111316680908,6.451467514038086
238,-0.707790732383728,1.3572582006454468,6.360044956207275,-0.681524932384491,0.8539027571678162,6.446169376373291
239,-0.6900134086608887,1.3723883628845215,6.418233871459961,-0.6413193941116333,1.2505278587341309,7.79233455657959
240,-0.7128113508224487,1.239415168762207,6.090206146240234,-0.6783837080001831,0.7813471555709839,6.138822555541992
241,-0.7029076218605042,1.3480017185211182,6.380116939544678,-0.6597065329551697,1.0596944093704224,6.567946434020996
242,-0.7080192565917969,1.2685635089874268,5.913121700286865,-0.6758768558502197,0.9006388783454895,6.356907844543457
243,-0.6937536597251892,1.2580201625823975,6.118429183959961,-0.6484391093254089,0.9078194499015808,7.0666375160217285
244,-0.6995223164558411,1.1742452383041382,6.004199028015137,-0.621260404586792,0.9779443740844727,6.842113971710205
245,-0.7043700218200684,1.2912286520004272,6.1351237297058105,-0.6341216564178467,1.0561528205871582,7.001006126403809
246,-0.7082623839378357,1.2024317979812622,5.9854583740234375,-0.6762939095497131,0.8067777752876282,5.929361820220947
247,-0.7029030919075012,1.2570115327835083,5.94033670425415,-0.6675341129302979,0.8432639241218567,5.977443695068359
248,-0.6933035254478455,1.3951901197433472,6.422234535217285,-0.6344353556632996,0.9606249928474426,7.661312580108643
249,-0.7054501175880432,1.2045317888259888,5.923212051391602,-0.6963150501251221,0.8549582958221436,6.352320671081543
250,-0.6992142200469971,1.2838865518569946,6.264324188232422,-0.6964882612228394,0.7142778038978577,6.164785385131836
251,-0.6926416158676147,1.2868850231170654,6.058878421783447,-0.6504514813423157,0.9958333969116211,6.645957946777344
252,-0.7052141427993774,1.243933081626892,6.074031829833984,-0.6595284342765808,0.8900139331817627,5.960564613342285
253,-0.7066110968589783,1.261953353881836,6.069490909576416,-0.6409199237823486,0.9927083253860474,7.138055801391602
254,-0.6990686655044556,1.254853367805481,6.017613410949707,-0.687918484210968,0.7244861125946045,6.23054838180542
255,-0.7059507966041565,1.334478735923767,6.220512866973877,-0.6558431386947632,1.2433193922042847,7.256754398345947
256,-0.7057103514671326,1.31024968624115,6.140609264373779,-0.6984236836433411,1.0986112356185913,6.790424823760986
257,-0.7097949981689453,1.2151066064834595,5.997990131378174,-0.6601979732513428,0.8690000176429749,6.906224727630615
258,-0.7113630771636963,1.2586098909378052,6.067997455596924,-0.6839247941970825,1.0440278053283691,6.767799377441406
259,-0.7030991911888123,1.2946267127990723,6.272607803344727,-0.6484652757644653,1.1377500295639038,6.941040515899658
260,-0.7031533122062683,1.2442903518676758,6.039881229400635,-0.6802210807800293,0.9211806058883667,6.535826683044434
261,-0.6996491551399231,1.3414736986160278,6.179405689239502,-0.5963029861450195,1.6791249513626099,8.369588851928711
262,-0.7133353352546692,1.2928249835968018,6.180593013763428,-0.6872168183326721,0.9347500205039978,6.892072677612305
263,-0.6942275762557983,1.205534815788269,6.025755405426025,-0.6970142722129822,0.7580416202545166,5.808948993682861
264,-0.6980289220809937,1.31890869140625,6.353140354156494,-0.6537217497825623,0.9433056712150574,6.280178070068359
265,-0.7054880857467651,1.2040600776672363,5.980341911315918,-0.630053699016571,1.5466943979263306,7.76039981842041
266,-0.7061940431594849,1.252723217010498,6.063246250152588,-0.6925033330917358,0.8657639026641846,6.437924385070801
267,-0.7241987586021423,1.1854385137557983,5.972564220428467,-0.7020503282546997,0.6839444041252136,5.888648509979248
268,-0.7069242000579834,1.251588225364685,5.920955181121826,-0.6682219505310059,0.7647361159324646,5.674963474273682
269,-0.7025625109672546,1.2366480827331543,5.951253890991211,-0.6658393144607544,0.659736156463623,5.868749618530273
270,-0.708550751209259,1.2758163213729858,6.2017717361450195,-0.6724737882614136,1.136222243309021,7.358636856079102
271,-0.6989362239837646,1.272855281829834,6.158792972564697,-0.6478191614151001,0.8511388301849365,6.48436975479126
272,-0.6958900690078735,1.297303318977356,6.224148273468018,-0.6393826007843018,0.9433333277702332,6.957359790802002
273,-0.7000681757926941,1.2353734970092773,6.019793510437012,-0.6080194115638733,0.9979584217071533,6.94586706161499
274,-0.7131966948509216,1.1903784275054932,5.857326030731201,-0.6457579135894775,1.0299166440963745,6.838724613189697
275,-0.7066165804862976,1.1947782039642334,6.033200263977051,-0.6371515989303589,0.8079444766044617,6.7992024421691895
276,-0.7064042687416077,1.3529001474380493,6.285359859466553,-0.6635733842849731,0.8856667280197144,6.641970634460449
277,-0.7135679125785828,1.2331851720809937,5.989017009735107,-0.66123366355896,1.1511805057525635,6.887906551361084
278,-0.7110942006111145,1.285194754600525,6.103649139404297,-0.6432616114616394,0.8507637977600098,6.473955154418945
279,-0.6935843229293823,1.3030734062194824,6.126229763031006,-0.7135327458381653,0.7614305019378662,6.387496471405029
280,-0.7048540711402893,1.2315263748168945,6.105649471282959,-0.6690450310707092,1.020513892173767,6.584582805633545
281,-0.7078388333320618,1.2262202501296997,6.102039813995361,-0.6813351511955261,0.6160277724266052,5.956541061401367
282,-0.721480667591095,1.1382733583450317,5.849164009094238,-0.6235718131065369,0.8291804790496826,6.4764509201049805
283,-0.7183185815811157,1.160535216331482,5.817378044128418,-0.689362108707428,0.743513822555542,6.227133750915527
284,-0.6941887140274048,1.2585617303848267,6.156179428100586,-0.6565357446670532,0.9871944785118103,6.840743064880371
285,-0.7139037847518921,1.2102351188659668,5.860464572906494,-0.6649228930473328,0.7625554800033569,6.306168079376221
286,-0.7070817351341248,1.2154483795166016,6.08758544921875,-0.6617892384529114,0.9395416975021362,6.528520107269287
287,-0.7022368311882019,1.306046724319458,6.284727573394775,-0.6590238213539124,0.8181528449058533,6.123750686645508
288,-0.6893717646598816,1.267240047454834,6.105086326599121,-0.6677749156951904,0.7367638349533081,5.602881908416748
289,-0.7086684107780457,1.2112833261489868,5.9371514320373535,-0.6645655632019043,0.8805834054946899,6.547207355499268
290,-0.7112022638320923,1.1503666639328003,5.845813751220703,-0.6300093531608582,0.8157917261123657,6.204041481018066
291,-0.7092469930648804,1.2539451122283936,6.035808563232422,-0.6715635657310486,1.1727917194366455,6.684445858001709
292,-0.7190009951591492,1.1975884437561035,5.916265964508057,-0.6380282640457153,1.4433053731918335,7.43543004989624
293,-0.703737199306488,1.2062267065048218,6.003139019012451,-0.6672245264053345,0.9954444169998169,6.7625651359558105
294,-0.7095183730125427,1.191706657409668,5.948328018188477,-0.6541950702667236,0.7511528134346008,6.406253814697266
295,-0.7075226902961731,1.239436388015747,6.055848598480225,-0.633192777633667,1.0609722137451172,6.567038059234619
296,-0.7078214287757874,1.1754814386367798,5.881144046783447,-0.6993104815483093,0.8425555229187012,6.536764144897461
297,-0.7040189504623413,1.2896147966384888,6.183394908905029,-0.6587543487548828,0.6641666293144226,6.348042011260986
298,-0.7052118182182312,1.2406848669052124,6.087046146392822,-0.6416270732879639,0.8394166231155396,6.790796756744385
299,-0.7122141718864441,1.2400749921798706,5.902729511260986,-0.6873153448104858,0.8649722337722778,6.3044633865356445
300,-0.7112950086593628,1.2445948123931885,5.957457065582275,-0.6957471370697021,0.9349583387374878,6.302224159240723
301,-0.7083447575569153,1.2588084936141968,6.148545742034912,-0.6770126819610596,0.7293472290039062,6.327775955200195
302,-0.7157244682312012,1.1031934022903442,5.689892768859863,-0.6374733448028564,0.8368194103240967,6.471278667449951
303,-0.713565468788147,1.203859806060791,5.8351593017578125,-0.6259551048278809,0.9377638697624207,7.118056297302246
304,-0.7067498564720154,1.192285180091858,5.933274269104004,-0.652999997138977,0.784125030040741,6.310468673706055
305,-0.7077739834785461,1.240118384361267,6.000452041625977,-0.6838796138763428,1.012041687965393,6.70939826965332
306,-0.7034134268760681,1.1776633262634277,5.894005298614502,-0.6628398299217224,0.790055513381958,6.246796607971191
307,-0.7174966931343079,1.1708862781524658,5.68426513671875,-0.6289759278297424,0.8990415930747986,6.480286121368408
308,-0.7215849161148071,1.2243918180465698,5.900225639343262,-0.646454393863678,0.7949027419090271,6.1537766456604
309,-0.6969441771507263,1.2722420692443848,6.13958740234375,-0.6685547232627869,0.7675832509994507,5.96067476272583
310,-0.7198442816734314,1.223048210144043,5.902789115905762,-0.6768682599067688,0.7915554642677307,6.30827522277832
311,-0.7250149250030518,1.154258370399475,5.810783863067627,-0.6633703708648682,0.7489444017410278,5.903519630432129
312,-0.709388017654419,1.167815089225769,5.908997058868408,-0.615791380405426,1.0443888902664185,7.267244338989258
313,-0.7087602019309998,1.255541443824768,6.182498455047607,-0.6561697721481323,1.2375972270965576,7.28958797454834
314,-0.7129001617431641,1.1641865968704224,5.8152241706848145,-0.6710494756698608,0.8191806077957153,6.121681213378906
315,-0.7080429792404175,1.2352867126464844,5.939876079559326,-0.6732782125473022,0.7066249847412109,6.269509315490723
316,-0.7096530199050903,1.1724969148635864,5.869710922241211,-0.6616331934928894,0.7907778024673462,6.594407081604004
317,-0.7043642401695251,1.1683299541473389,5.839475631713867,-0.659099817276001,0.8776805400848389,6.493712425231934
318,-0.7131040692329407,1.251481533050537,5.974288463592529,-0.6519328355789185,0.8134722113609314,6.43555212020874
319,-0.7108072638511658,1.1607731580734253,5.90134859085083,-0.6337735652923584,0.7488610744476318,6.191118240356445
320,-0.7000548243522644,1.2022465467453003,5.972958564758301,-0.6556599140167236,1.2544445991516113,7.421927452087402
321,-0.7037513256072998,1.2707949876785278,6.073665618896484,-0.6340880393981934,0.6579722166061401,6.370600700378418
322,-0.7202035784721375,1.1384950876235962,5.618013858795166,-0.6873646974563599,0.68877774477005,5.745108604431152
323,-0.7093459367752075,1.1354068517684937,5.676714897155762,-0.6741236448287964,1.0642917156219482,6.786813735961914
324,-0.7217416167259216,1.1229832172393799,5.684789657592773,-0.6812814474105835,0.8719722032546997,6.744544982910156
325,-0.7048642039299011,1.175586462020874,5.843242645263672,-0.6629708409309387,0.8185555338859558,6.22713565826416
326,-0.7034764885902405,1.2386970520019531,6.06008768081665,-0.6598475575447083,0.7720555663108826,6.268415927886963
327,-0.7241304516792297,1.131730079650879,5.624196529388428,-0.6540998220443726,0.7415276765823364,6.279568672180176
328,-0.7171169519424438,1.1405248641967773,5.623095512390137,-0.6606453657150269,0.7743889093399048,6.239840507507324
329,-0.7178770899772644,1.1932467222213745,5.9879961013793945,-0.6606223583221436,0.8310277462005615,6.1653008460998535
330,-0.7183977365493774,1.1693267822265625,5.747433662414551,-0.6098945140838623,1.946485996246338,8.27668571472168
331,-0.71524977684021,1.1535948514938354,5.869325160980225,-0.6508325338363647,0.7930694222450256,6.455681800842285
332,-0.7078490257263184,1.2240614891052246,5.84762716293335,-0.5410082936286926,2.2893056869506836,8.952092170715332
333,-0.7059417963027954,1.172881841659546,5.878096103668213,-0.6711069941520691,0.7653749585151672,6.171989440917969
334,-0.7259942889213562,1.1158467531204224,5.629515171051025,-0.6861750483512878,0.7318888902664185,6.164651393890381
335,-0.720120370388031,1.1326380968093872,5.798581600189209,-0.6869227886199951,0.8816388249397278,5.926382064819336
336,-0.7184127569198608,1.0547165870666504,5.563266277313232,-0.6811984777450562,0.820152759552002,6.428843021392822
337,-0.7030661702156067,1.1934268474578857,5.875855922698975,-0.6691604256629944,1.0436804294586182,6.215625286102295
338,-0.7081416845321655,1.1718004941940308,5.81125020980835,-0.6787013411521912,0.642777681350708,5.9843831062316895
339,-0.7198259234428406,1.142124891281128,5.706691741943359,-0.6664354801177979,0.8994722366333008,6.595036506652832
340,-0.7198604941368103,1.1513231992721558,5.7666144371032715,-0.669349730014801,1.2632498741149902,8.019625663757324
341,-0.7122331857681274,1.1301701068878174,5.656637668609619,-0.706350564956665,0.6470555663108826,5.515360355377197
342,-0.718515932559967,1.1576550006866455,5.806408882141113,-0.6508882641792297,0.712388813495636,6.189873218536377
343,-0.7145054340362549,1.121253490447998,5.795008659362793,-0.6640737652778625,0.7484166622161865,5.950011253356934
344,-0.7207949757575989,1.0933884382247925,5.611469268798828,-0.6701212525367737,0.6701943874359131,5.844409465789795
345,-0.7135196924209595,1.1696650981903076,5.795278072357178,-0.6604565382003784,1.138236165046692,7.142115116119385
346,-0.7153589129447937,1.1454951763153076,5.664792537689209,-0.6697049140930176,0.9889305830001831,6.364439010620117
347,-0.7042824029922485,1.2038451433181763,5.912430286407471,-0.65177321434021,0.8999583721160889,6.362393856048584
348,-0.7210938334465027,1.1748535633087158,5.696537971496582,-0.6912875771522522,0.8264304995536804,6.48760461807251
349,-0.7229192852973938,1.1225345134735107,5.622244834899902,-0.6817959547042847,0.7626944780349731,6.059371471405029
350,-0.7179452776908875,1.1210551261901855,5.522922039031982,-0.6323190927505493,0.7268332839012146,6.436456680297852
351,-0.7247152924537659,1.0864650011062622,5.41179895401001,-0.6734994053840637,0.8050695061683655,6.32152795791626
352,-0.7106325030326843,1.1809282302856445,5.98011589050293,-0.6722806096076965,1.2745555639266968,6.939189434051514
353,-0.7089904546737671,1.200789451599121,5.743106365203857,-0.6657891273498535,0.8321806192398071,6.167482376098633
354,-0.7190921306610107,1.0888066291809082,5.535168647766113,-0.7042845487594604,0.8944165706634521,6.716969013214111
355,-0.724018931388855,1.095773458480835,5.640206336975098,-0.6799716949462891,0.7473471760749817,5.964008331298828
356,-0.7236649394035339,1.1402716636657715,5.735602855682373,-0.6277888417243958,0.9540278315544128,6.92204475402832
357,-0.7163689136505127,1.078418254852295,5.550037860870361,-0.624767541885376,0.9120555520057678,6.884618282318115
358,-0.7193931341171265,1.1355648040771484,5.6985273361206055,-0.640326201915741,0.8283472061157227,5.9613823890686035
359,-0.7130454778671265,1.1004900932312012,5.579021453857422,-0.692637026309967,0.789722204208374,6.152835369110107
360,-0.721250057220459,1.1338634490966797,5.820805072784424,-0.6419996023178101,0.8664722442626953,6.472864151000977
361,-0.728244960308075,1.1212668418884277,5.6147871017456055,-0.6976779103279114,0.7291249632835388,5.750761032104492
362,-0.7202354073524475,1.1553949117660522,5.653210639953613,-0.6748430728912354,0.7307360768318176,6.146972179412842
363,-0.712367057800293,1.1190013885498047,5.649852752685547,-0.587887167930603,1.6754307746887207,8.28141975402832
364,-0.7107874751091003,1.1599633693695068,5.815084457397461,-0.6839392781257629,0.6076666712760925,5.518915176391602
365,-0.7241637706756592,1.1326048374176025,5.688912391662598,-0.7124724388122559,0.7218888401985168,5.92205810546875
366,-0.718031108379364,1.181825041770935,5.785215377807617,-0.7066576480865479,0.7911666631698608,5.936300277709961
367,-0.7075696587562561,1.1534864902496338,5.762813091278076,-0.6507083773612976,0.8409583568572998,6.218664169311523
368,-0.7254374027252197,1.0690799951553345,5.514490127563477,-0.6856647729873657,0.7671387791633606,5.953492164611816
369,-0.7330160737037659,1.1131336688995361,5.600114345550537,-0.6506413221359253,0.8224999904632568,6.407968521118164
370,-0.7275785803794861,1.1253615617752075,5.618706226348877,-0.6576411128044128,0.7586666345596313,6.680366039276123
371,-0.722568154335022,1.1743733882904053,5.878326892852783,-0.6580467820167542,0.9167360663414001,6.7197418212890625
372,-0.7194104790687561,1.0722466707229614,5.551033020019531,-0.6687289476394653,0.7975138425827026,6.460268020629883
373,-0.7125490307807922,1.1559817790985107,5.866151332855225,-0.6216194033622742,0.9471111297607422,6.67255973815918
374,-0.720323920249939,1.108977198600769,5.619775772094727,-0.6518761515617371,0.7087500095367432,6.211766242980957
375,-0.7300835251808167,1.1011550426483154,5.540794849395752,-0.6172146797180176,0.6826111078262329,6.329976558685303
376,-0.7315717339515686,1.065051794052124,5.383123874664307,-0.6417416930198669,0.8514721989631653,6.606005668640137
377,-0.7131368517875671,1.1365399360656738,5.646153926849365,-0.6617465615272522,0.9094027280807495,6.650620460510254
378,-0.698521614074707,1.2302451133728027,5.99575138092041,-0.6480085849761963,0.8889721632003784,6.295551300048828
379,-0.7266606092453003,1.133763313293457,5.679083347320557,-0.6588640213012695,0.7832360863685608,5.595387935638428
380,-0.7199857831001282,1.094822883605957,5.477104663848877,-0.6771826148033142,0.6196805238723755,5.787203788757324
381,-0.7144087553024292,1.122389793395996,5.741244792938232,-0.644917905330658,0.8017083406448364,6.489709854125977
382,-0.7167766094207764,1.184328317642212,5.826193332672119,-0.6651617288589478,0.9418611526489258,6.993685245513916
383,-0.7264887094497681,1.0621882677078247,5.412751197814941,-0.6699490547180176,0.7166388630867004,6.176838397979736
384,-0.7151153683662415,1.0784597396850586,5.437100410461426,-0.6248761415481567,0.8045138120651245,6.597005844116211
385,-0.7037560939788818,1.098460078239441,5.582964897155762,-0.7014206647872925,0.7608888149261475,5.816802978515625
386,-0.7154355645179749,1.1620385646820068,5.861745834350586,-0.6724684238433838,0.6743472218513489,6.452884674072266
387,-0.7330839037895203,1.0455402135849,5.154608726501465,-0.6703090071678162,0.7709861397743225,5.992079734802246
388,-0.728615939617157,1.0649868249893188,5.378278732299805,-0.6600929498672485,0.6807500720024109,6.168784141540527
389,-0.7378292083740234,1.0753532648086548,5.383638381958008,-0.6506403684616089,1.1163333654403687,7.400326251983643
390,-0.7275163531303406,1.123961329460144,5.6168975830078125,-0.7008974552154541,0.773152768611908,6.025785446166992
391,-0.7218195199966431,1.0815531015396118,5.5402512550354,-0.668853759765625,0.8115277886390686,6.409887313842773
392,-0.7158637046813965,1.126456618309021,5.668169975280762,-0.650031328201294,0.7383055090904236,5.613913059234619
393,-0.7210634350776672,1.1085599660873413,5.5622382164001465,-0.6878438591957092,0.6669028401374817,5.616790294647217
394,-0.7123183012008667,1.070775032043457,5.495308876037598,-0.6684367656707764,0.8168333768844604,5.881558895111084
395,-0.7055180072784424,1.2175867557525635,5.842244625091553,-0.6826334595680237,0.7445138096809387,5.609619140625
396,-0.7271524667739868,1.0874000787734985,5.54813289642334,-0.6399713158607483,0.9539166688919067,6.5042500495910645
397,-0.7291026711463928,1.0117716789245605,5.396399974822998,-0.6740466952323914,0.8481389284133911,6.2144365310668945
398,-0.7217505574226379,1.1567636728286743,5.597054481506348,-0.6690499782562256,1.1535415649414062,7.078609466552734
399,-0.7157283425331116,1.1241049766540527,5.6385955810546875,-0.6883034706115723,0.9179722666740417,6.882206439971924
400,-0.7260999083518982,1.118766188621521,5.578012466430664,-0.6499744057655334,0.7322638630867004,6.178092956542969
401,-0.7227093577384949,1.074453592300415,5.566507339477539,-0.6533014178276062,0.9277499318122864,6.65244722366333
402,-0.7186490297317505,1.1103203296661377,5.646249771118164,-0.661518931388855,0.8439443707466125,6.086500644683838
403,-0.7085313200950623,1.0952067375183105,5.612081527709961,-0.6440379023551941,0.6672778725624084,5.6644816398620605
404,-0.7185030579566956,1.1761717796325684,5.803706169128418,-0.675139844417572,1.0964999198913574,6.838029861450195
405,-0.7142252326011658,1.110918402671814,5.696590423583984,-0.6912363171577454,0.782861053943634,6.437284469604492
406,-0.7113797664642334,1.1823132038116455,5.738584518432617,-0.6388853192329407,0.8802638649940491,6.660453796386719
407,-0.7257875800132751,1.1206846237182617,5.473426818847656,-0.6438989043235779,0.9259583353996277,6.784956455230713
408,-0.7422912120819092,1.0045050382614136,5.286074638366699,-0.6610804796218872,0.73586106300354,6.2322235107421875
409,-0.713927149772644,1.135351300239563,5.706032752990723,-0.6438139081001282,0.94584721326828,6.736584663391113
410,-0.7249202728271484,1.115039587020874,5.52146577835083,-0.6677076816558838,0.8159999847412109,6.603175640106201
411,-0.722597599029541,1.031768560409546,5.361163139343262,-0.6769694089889526,0.8281527161598206,6.179468154907227
412,-0.7204256057739258,1.1093382835388184,5.542019367218018,-0.6637091636657715,0.9801251292228699,7.031439781188965
413,-0.7178428173065186,1.0706031322479248,5.458841800689697,-0.6656951904296875,0.7418195009231567,5.945435523986816
414,-0.7154285907745361,1.0620050430297852,5.5679521560668945,-0.6454489827156067,0.6925555467605591,6.465565204620361
415,-0.7240579128265381,1.06287682056427,5.3734893798828125,-0.6664626002311707,0.6622778177261353,5.806653022766113
416,-0.711650013923645,1.0778448581695557,5.6058478355407715,-0.6305702924728394,0.8454999327659607,6.509366512298584
417,-0.7262178063392639,1.049058198928833,5.417648792266846,-0.6521549224853516,0.9504305720329285,6.321720123291016
418,-0.7151280641555786,1.1593519449234009,5.688910961151123,-0.6122990846633911,0.9042361378669739,7.359258651733398
419,-0.7122379541397095,1.0580267906188965,5.431950092315674,-0.678501307964325,0.8584721684455872,6.676149368286133
420,-0.7138503789901733,1.1765334606170654,5.687831401824951,-0.6753391027450562,0.7366527318954468,6.1640729904174805
421,-0.7226789593696594,1.106434941291809,5.556126117706299,-0.6627876162528992,0.8814722299575806,6.732796669006348
422,-0.720684289932251,1.0751713514328003,5.423185348510742,-0.6324023604393005,0.8547639846801758,5.9685797691345215
423,-0.7178542613983154,1.0267566442489624,5.399383544921875,-0.6446353793144226,0.8197500109672546,6.797280788421631
424,-0.7188586592674255,1.1311314105987549,5.696722030639648,-0.6617860198020935,0.6139722466468811,5.966604232788086
425,-0.7240245342254639,1.1080352067947388,5.665389537811279,-0.6680325865745544,0.7329027652740479,6.392034530639648
426,-0.7177735567092896,1.023101806640625,5.468451976776123,-0.6790619492530823,1.1526944637298584,6.50497579574585
427,-0.7213704586029053,1.1049284934997559,5.631333351135254,-0.6839990615844727,0.7648194432258606,6.346601486206055
428,-0.7071608304977417,1.1387665271759033,5.670971870422363,-0.6356098651885986,0.9073054790496826,6.5405402183532715
429,-0.7231974005699158,1.0482101440429688,5.413886547088623,-0.656225860118866,0.8572083115577698,6.201086044311523
430,-0.7096679210662842,1.0924581289291382,5.712437152862549,-0.6602153182029724,0.8289306163787842,6.954757213592529
431,-0.7245227098464966,1.1384634971618652,5.757730484008789,-0.7085924744606018,0.652916669845581,5.941076278686523
432,-0.7159700989723206,1.0903183221817017,5.485223770141602,-0.6523288488388062,0.788277804851532,6.3983235359191895
433,-0.726219654083252,1.0857001543045044,5.561982154846191,-0.7001422047615051,0.8354027271270752,6.157441139221191
434,-0.7183476090431213,1.141588568687439,5.601573944091797,-0.6811160445213318,0.8072222471237183,6.261955261230469
435,-0.7235962152481079,1.1218998432159424,5.569921493530273,-0.672593355178833,0.6869444251060486,5.735525131225586
436,-0.7292281985282898,1.0888867378234863,5.531004428863525,-0.6562317609786987,0.8054583072662354,6.580726146697998
437,-0.7232472896575928,1.044355034828186,5.49511194229126,-0.6335681676864624,0.8043610453605652,6.39794397354126
438,-0.720155656337738,1.1225616931915283,5.687829971313477,-0.6662623882293701,0.7846806049346924,6.468648433685303
439,-0.7176064848899841,1.104133129119873,5.595879077911377,-0.6396140456199646,0.947486162185669,6.57112979888916
440,-0.7275607585906982,1.0358752012252808,5.399090766906738,-0.6733770370483398,0.7586387395858765,5.901127338409424
441,-0.7190777659416199,1.1212880611419678,5.671269416809082,-0.6264380216598511,0.8791388273239136,6.676671981811523
442,-0.7289628982543945,1.043601632118225,5.352964878082275,-0.6556999087333679,0.7400555610656738,6.373753547668457
443,-0.7238420844078064,1.034476637840271,5.377452850341797,-0.6301615834236145,0.8744027614593506,6.646249771118164
444,-0.7213268280029297,1.1158748865127563,5.5753397941589355,-0.6467512249946594,0.8734166622161865,6.5875325202941895
445,-0.7265203595161438,1.0410218238830566,5.4232635498046875,-0.6402000784873962,0.8290972113609314,6.3378705978393555
446,-0.7188866138458252,1.0896034240722656,5.725063800811768,-0.6424570679664612,0.8331388831138611,6.5092668533325195
447,-0.7154386639595032,1.0418932437896729,5.469132900238037,-0.6742210388183594,0.8722500205039978,7.0275092124938965
448,-0.7238813638687134,1.092805027961731,5.395825386047363,-0.6831784248352051,0.6952361464500427,6.453366279602051
449,-0.7292471528053284,1.0742415189743042,5.3954997062683105,-0.6660048961639404,0.7926527857780457,6.03668737411499
450,-0.7317959666252136,1.0991450548171997,5.4663262367248535,-0.6919156908988953,0.7075971961021423,6.121025085449219
451,-0.7252469658851624,1.106933355331421,5.476067066192627,-0.6709532737731934,0.8984861373901367,6.507086753845215
452,-0.7266588807106018,1.1027448177337646,5.369943618774414,-0.6745240688323975,0.7873055934906006,6.3061299324035645
453,-0.7285037040710449,1.061447024345398,5.293226718902588,-0.6813873648643494,0.687666654586792,6.099586009979248
454,-0.7325265407562256,1.015149712562561,5.2144622802734375,-0.6656132340431213,0.766583263874054,6.153191566467285
455,-0.71962571144104,1.1351863145828247,5.638441562652588,-0.6959204077720642,0.7369444370269775,6.354976654052734
456,-0.7307330965995789,1.123858094215393,5.652085781097412,-0.6782510280609131,0.8068054914474487,6.3143534660339355
457,-0.7334228754043579,1.095409870147705,5.4159955978393555,-0.694362461566925,0.645736038684845,5.744515419006348
458,-0.7248973250389099,1.1176064014434814,5.573291301727295,-0.6831877827644348,0.6823610067367554,5.949428081512451
459,-0.7263078093528748,1.0205796957015991,5.366427421569824,-0.6802690625190735,0.8493193984031677,6.555615425109863
460,-0.7299705743789673,1.0779682397842407,5.473938941955566,-0.6570912599563599,0.9447916746139526,6.8173933029174805
461,-0.707791268825531,1.1362234354019165,5.683121681213379,-0.6902506351470947,0.8320000171661377,6.22518253326416
462,-0.7227685451507568,1.0723013877868652,5.457174301147461,-0.703892707824707,0.7447083592414856,5.948364734649658
463,-0.7243423461914062,1.1118148565292358,5.664319038391113,-0.6628602147102356,0.89231938123703,6.808837890625
464,-0.7142211198806763,1.121388554573059,5.665867805480957,-0.6967209577560425,0.6304444074630737,6.177911758422852
465,-0.7279630899429321,1.0564017295837402,5.3754963874816895,-0.6600729823112488,0.8804166316986084,6.208798885345459
466,-0.7249268889427185,1.0378434658050537,5.3230061531066895,-0.6787216663360596,0.9286527633666992,6.887212753295898
467,-0.7208601236343384,1.0494484901428223,5.488501071929932,-0.7088804244995117,0.8358888626098633,6.2176127433776855
468,-0.7249632477760315,1.043915033340454,5.370474338531494,-0.6811728477478027,0.8745415806770325,6.159446716308594
469,-0.7290618419647217,1.0825682878494263,5.365328311920166,-0.6707961559295654,0.6787221431732178,5.658379077911377
470,-0.7218042612075806,0.9954898953437805,5.256003379821777,-0.7160073518753052,0.6165139079093933,5.624508380889893
471,-0.727825939655304,1.084768295288086,5.488617897033691,-0.6745542883872986,0.8433888554573059,6.364526748657227
472,-0.7330843806266785,1.0296449661254883,5.264327049255371,-0.6743744611740112,0.8521944880485535,6.400683403015137
473,-0.7320254445075989,1.1188747882843018,5.515836715698242,-0.6560803055763245,1.1940555572509766,7.1761932373046875
474,-0.7308591604232788,1.0297683477401733,5.257689476013184,-0.6443710327148438,1.0282917022705078,7.084822654724121
475,-0.7262174487113953,1.0354068279266357,5.40762186050415,-0.6727196574211121,0.6910278797149658,5.915719032287598
476,-0.7278569936752319,1.0888416767120361,5.480386257171631,-0.6474036574363708,0.7101805210113525,6.547850131988525
477,-0.7216479778289795,1.0565015077590942,5.505703449249268,-0.6619980335235596,0.6182639002799988,5.805635452270508
478,-0.7290078997612,1.037143349647522,5.231335163116455,-0.6319047212600708,0.8151666522026062,6.570671558380127
479,-0.7193834185600281,1.1025049686431885,5.376670837402344,-0.6538965702056885,0.6670138835906982,6.280002117156982
480,-0.7417059540748596,1.0359050035476685,5.2632060050964355,-0.6600173711776733,0.9249999523162842,6.89195442199707
481,-0.7247220873832703,1.072186827659607,5.26218318939209,-0.6467504501342773,0.6939166188240051,6.154196262359619
482,-0.7287575006484985,1.0370014905929565,5.4096784591674805,-0.6740729212760925,0.5774999856948853,5.99032735824585
483,-0.734422504901886,1.0610500574111938,5.382550239562988,-0.664742648601532,0.9137499928474426,6.728368282318115
484,-0.7164304256439209,1.0791996717453003,5.408249378204346,-0.6819854378700256,0.659652829170227,5.731904983520508
485,-0.7289870381355286,1.0328316688537598,5.402613162994385,-0.6585266590118408,0.7631666660308838,6.5722527503967285
486,-0.729651689529419,1.0367168188095093,5.289811611175537,-0.6548046469688416,0.8420279026031494,6.5613694190979
487,-0.738002359867096,1.007869839668274,5.174692630767822,-0.6225997805595398,0.8073472380638123,6.902332782745361
488,-0.7090619206428528,1.1081420183181763,5.577796459197998,-0.6354905366897583,0.9309859871864319,6.141500473022461
489,-0.7270251512527466,1.0917997360229492,5.5149617195129395,-0.6584736704826355,0.5944583415985107,5.8309807777404785
490,-0.7243254780769348,1.0891649723052979,5.503469944000244,-0.6588791012763977,0.7245555520057678,6.049380302429199
491,-0.7366926670074463,1.0382616519927979,5.3109612464904785,-0.6857459545135498,0.667513906955719,5.696957111358643
492,-0.7327835559844971,1.0902180671691895,5.437629222869873,-0.6558330059051514,0.8419861197471619,6.328290939331055
493,-0.7167799472808838,1.1026216745376587,5.581231594085693,-0.678723931312561,0.5442361235618591,5.136155128479004
494,-0.7162237763404846,1.11860990524292,5.565328598022461,-0.6582004427909851,0.6325693726539612,5.735458850860596
495,-0.7281006574630737,1.0659438371658325,5.392164707183838,-0.6996449828147888,0.6988471746444702,5.324994087219238
496,-0.7281278967857361,1.0344101190567017,5.313656806945801,-0.666576087474823,3.8602774143218994,6.670334815979004
497,-0.734567403793335,1.0074636936187744,5.285387992858887,-0.6404402256011963,1.3680278062820435,7.286012649536133
498,-0.7289191484451294,1.0631166696548462,5.33658504486084,-0.6215495467185974,0.8780139088630676,6.881381988525391
499,-0.7254116535186768,1.1188066005706787,5.431422710418701,-0.6526471376419067,0.8145138621330261,6.59115743637085
